,related_paper,pagerank
0,10.1109/ICCSIT.2010.5565098,0.23853314784322435
1,10.1109/34.993558,0.2042235807719228
2,10.1109/ICCV.2005.28,0.06908934881525951
3,10.1109/CVPR.2007.382971,0.03430956707130157
4,10.1109/ICCV.2007.4408965,0.03430956707130157
5,10.1109/CVPR.2007.383198,0.03430956707130157
6,10.1109/CVPR.2006.301,0.03430956707130157
7,10.1109/CVPRW.2010.5543273,0.03430956707130157
8,10.1109/ICCV.2005.239,0.03430956707130157
9,10.1109/CVPR.2007.383132,0.03430956707130157
10,10.1109/TPAMI.2019.2938758,0.03430956707130157
11,10.1109/TIP.2018.2836323,0.007341954731969813
12,10.1109/ICCV.2011.6126543,0.007341954731969813
13,10.1109/IJCNN.2017.7966210,0.007341954731969813
14,10.1109/TPAMI.2017.2691768,0.007341954731969813
